和栗のモンブラン,あんドーナツ,0.028418844173183293
和栗のモンブラン,きんつば,0.029753957657829486
和栗のモンブラン,みつまめ,0.03185199313370208
和栗のモンブラン,フルーツロール,0.0263208086973107
和栗のモンブラン,ミルクチョコレート,0.027274461186343697
和栗のモンブラン,杏仁豆腐,0.027274461186343697
和栗のモンブラン,クリームあんみつ,0.02860957467098989
和栗のモンブラン,ビターチョコレート,0.02822811367537669
和栗のモンブラン,マカロン,0.025557886706084304
和栗のモンブラン,リンゴのタルト,0.02899103566660309
和栗のモンブラン,うぐいすあんぱん,0.02822811367537669
和栗のモンブラン,いちごのタルト,0.02899103566660309
和栗のモンブラン,カスタードシュークリーム,0.028037383177570093
和栗のモンブラン,マンゴーシャーベット,0.027655922181956893
和栗のモンブラン,セサミクッキー,0.026511539195117298
和栗のモンブラン,ミルフィーユ,0.030135418653442686
和栗のモンブラン,醤油団子,0.025367156208277702
和栗のモンブラン,オレンジピールチョコレート,0.028418844173183293
和栗のモンブラン,マスクメロンシャーベット,0.026893000190730498
和栗のモンブラン,いもようかん,0.027465191684150295
和栗のモンブラン,生シュークリーム,0.028037383177570093
和栗のモンブラン,えびせん,0.03127980164028228
和栗のモンブラン,ところてん,0.030898340644669082
和栗のモンブラン,みたらし団子,0.029563227160022888
和栗のモンブラン,チョコチップクッキー,0.025367156208277702
和栗のモンブラン,抹茶ロール,0.028037383177570093
和栗のモンブラン,ごま団子,0.03204272363150868
和栗のモンブラン,ねりようかん,0.028037383177570093
和栗のモンブラン,ホワイトチョコレート,0.0259393477016975
和栗のモンブラン,マンゴープリン,0.025557886706084304
和栗のモンブラン,塩あんみつ,0.032233454129315275
和栗のモンブラン,焼きプリン,0.029372496662216287
生シュークリーム,あんドーナツ,0.028743189930490326
生シュークリーム,ミルフィーユ,0.025549502160435843
生シュークリーム,チョコチップクッキー,0.026113094119857225
生シュークリーム,マンゴープリン,0.03531842945707308
生シュークリーム,ミルクプリン,0.026113094119857225
生シュークリーム,塩あんみつ,0.026676686079278603
生シュークリーム,抹茶ロール,0.027616006011647567
生シュークリーム,焼きプリン,0.028743189930490326
生シュークリーム,カスタードプリン,0.02724027803869998
生シュークリーム,水ようかん,0.027803869998121362
生シュークリーム,えびせん,0.02592523013338343
生シュークリーム,イチゴのショートケーキ,0.02987037384933308
生シュークリーム,いもようかん,0.03099755776817584
生シュークリーム,きんつば,0.026488822092804808
生シュークリーム,フルーツロール,0.02836746195754274
生シュークリーム,杏仁豆腐,0.02705241405222619
生シュークリーム,ごま団子,0.02836746195754274
生シュークリーム,クリームあんみつ,0.02836746195754274
生シュークリーム,ビターチョコレート,0.029118917903437912
生シュークリーム,マスクメロンシャーベット,0.02592523013338343
生シュークリーム,リンゴのタルト,0.026676686079278603
生シュークリーム,みつまめ,0.026488822092804808
生シュークリーム,ミルクチョコレート,0.026864550065752394
生シュークリーム,和栗のモンブラン,0.027616006011647567
生シュークリーム,醤油団子,0.03231260567349239
生シュークリーム,いちごのタルト,0.025549502160435843
生シュークリーム,ねりようかん,0.025361638173962052
生シュークリーム,ホワイトチョコレート,0.033251925605861356
生シュークリーム,マカロン,0.026300958106331016
生シュークリーム,マンゴーシャーベット,0.027616006011647567
生シュークリーム,うぐいすあんぱん,0.030433965808754463
生シュークリーム,セサミクッキー,0.025549502160435843
生シュークリーム,ところてん,0.029306781889911704
生シュークリーム,カスタードシュークリーム,0.027991733984595153
ところてん,ホワイトチョコレート,0.0286979969183359
ところてん,マンゴープリン,0.031587057010785825
ところてん,焼きプリン,0.028120184899845916
ところてん,セサミクッキー,0.03100924499229584
ところてん,クリームあんみつ,0.03100924499229584
ところてん,マスクメロンシャーベット,0.027157164869029277
ところてん,いもようかん,0.0286979969183359
ところてん,きんつば,0.02792758089368259
ところてん,フルーツロール,0.029661016949152543
ところてん,ミルフィーユ,0.026001540832049308
ところてん,いちごのタルト,0.028312788906009245
ところてん,えびせん,0.029468412942989214
ところてん,チョコチップクッキー,0.026771956856702618
ところてん,ビターチョコレート,0.027349768875192602
ところてん,ミルクプリン,0.030431432973805857
ところてん,リンゴのタルト,0.02792758089368259
ところてん,あんドーナツ,0.029275808936825885
ところてん,みたらし団子,0.0286979969183359
ところてん,イチゴのショートケーキ,0.026001540832049308
ところてん,カスタードシュークリーム,0.02773497688751926
ところてん,和栗のモンブラン,0.031201848998459167
ところてん,醤油団子,0.02908320493066256
ところてん,オレンジピールチョコレート,0.029661016949152543
ところてん,マカロン,0.026771956856702618
ところてん,マンゴーシャーベット,0.026771956856702618
ところてん,うぐいすあんぱん,0.02792758089368259
ところてん,みつまめ,0.026579352850539292
ところてん,ミルクチョコレート,0.036787365177195684
ところてん,生シュークリーム,0.030046224961479198
イチゴのショートケーキ,えびせん,0.031131359149582385
イチゴのショートケーキ,マンゴーシャーベット,0.029233105542900532
イチゴのショートケーキ,マンゴープリン,0.02733485193621868
イチゴのショートケーキ,きんつば,0.02809415337889142
イチゴのショートケーキ,水ようかん,0.03132118451025057
イチゴのショートケーキ,ねりようかん,0.028283978739559606
イチゴのショートケーキ,マスクメロンシャーベット,0.02619589977220957
イチゴのショートケーキ,リンゴのタルト,0.026575550493545937
イチゴのショートケーキ,塩あんみつ,0.03170083523158694
イチゴのショートケーキ,ミルクチョコレート,0.027145026575550492
イチゴのショートケーキ,生シュークリーム,0.03018223234624146
イチゴのショートケーキ,醤油団子,0.02999240698557327
イチゴのショートケーキ,ごま団子,0.02885345482156416
イチゴのショートケーキ,マカロン,0.027145026575550492
イチゴのショートケーキ,みつまめ,0.02733485193621868
イチゴのショートケーキ,カスタードプリン,0.029802581624905088
イチゴのショートケーキ,セサミクッキー,0.026765375854214124
イチゴのショートケーキ,ミルフィーユ,0.029043280182232345
イチゴのショートケーキ,いちごのタルト,0.02885345482156416
イチゴのショートケーキ,ところてん,0.02562642369020501
イチゴのショートケーキ,カスタードシュークリーム,0.029802581624905088
イチゴのショートケーキ,チョコチップクッキー,0.03018223234624146
イチゴのショートケーキ,ミルクプリン,0.02733485193621868
イチゴのショートケーキ,あんドーナツ,0.028283978739559606
イチゴのショートケーキ,いもようかん,0.03246013667425968
イチゴのショートケーキ,フルーツロール,0.026765375854214124
イチゴのショートケーキ,杏仁豆腐,0.026955201214882308
イチゴのショートケーキ,オレンジピールチョコレート,0.025816249050873197
イチゴのショートケーキ,クリームあんみつ,0.030372057706909643
イチゴのショートケーキ,ホワイトチョコレート,0.026575550493545937
イチゴのショートケーキ,抹茶ロール,0.030941533788914198
オレンジピールチョコレート,いちごのタルト,0.029899691358024692
オレンジピールチョコレート,えびせん,0.030864197530864196
オレンジピールチョコレート,ねりようかん,0.02970679012345679
オレンジピールチョコレート,みたらし団子,0.028356481481481483
オレンジピールチョコレート,カスタードシュークリーム,0.02642746913580247
オレンジピールチョコレート,ホワイトチョコレート,0.027777777777777776
オレンジピールチョコレート,リンゴのタルト,0.02797067901234568
オレンジピールチョコレート,抹茶ロール,0.030285493827160493
オレンジピールチョコレート,きんつば,0.025848765432098766
オレンジピールチョコレート,ミルクチョコレート,0.026041666666666668
オレンジピールチョコレート,チョコチップクッキー,0.027777777777777776
オレンジピールチョコレート,いもようかん,0.026813271604938273
オレンジピールチョコレート,カスタードプリン,0.028935185185185185
オレンジピールチョコレート,セサミクッキー,0.02642746913580247
オレンジピールチョコレート,ごま団子,0.030478395061728395
オレンジピールチョコレート,うぐいすあんぱん,0.026041666666666668
オレンジピールチョコレート,和栗のモンブラン,0.028742283950617283
オレンジピールチョコレート,杏仁豆腐,0.03279320987654321
オレンジピールチョコレート,ビターチョコレート,0.030285493827160493
オレンジピールチョコレート,ミルクプリン,0.030285493827160493
オレンジピールチョコレート,塩あんみつ,0.02816358024691358
オレンジピールチョコレート,ミルフィーユ,0.030671296296296297
オレンジピールチョコレート,水ようかん,0.02797067901234568
オレンジピールチョコレート,ところてん,0.02970679012345679
オレンジピールチョコレート,イチゴのショートケーキ,0.026234567901234566
オレンジピールチョコレート,マカロン,0.02816358024691358
オレンジピールチョコレート,マスクメロンシャーベット,0.02970679012345679
オレンジピールチョコレート,マンゴーシャーベット,0.029128086419753087
オレンジピールチョコレート,焼きプリン,0.025270061728395063
オレンジピールチョコレート,醤油団子,0.029899691358024692
ホワイトチョコレート,ところてん,0.028002255215185116
ホワイトチョコレート,オレンジピールチョコレート,0.02706258222138696
ホワイトチョコレート,リンゴのタルト,0.02762638601766585
ホワイトチョコレート,あんドーナツ,0.02593497462882917
ホワイトチョコレート,きんつば,0.026874647622627326
ホワイトチョコレート,杏仁豆腐,0.028190189813944746
ホワイトチョコレート,いちごのタルト,0.025747040030069536
ホワイトチョコレート,ミルクプリン,0.02743845141890622
ホワイトチョコレート,うぐいすあんぱん,0.025371170832550274
ホワイトチョコレート,セサミクッキー,0.02950573200526217
ホワイトチョコレート,水ようかん,0.031197143394098854
ホワイトチョコレート,えびせん,0.025559105431309903
ホワイトチョコレート,カスタードシュークリーム,0.025559105431309903
ホワイトチョコレート,マンゴープリン,0.03157301259161812
ホワイトチョコレート,塩あんみつ,0.030445404999060326
ホワイトチョコレート,焼きプリン,0.02706258222138696
ホワイトチョコレート,カスタードプリン,0.03213681638789701
ホワイトチョコレート,ミルクチョコレート,0.02837812441270438
ホワイトチョコレート,ねりようかん,0.02875399361022364
ホワイトチョコレート,チョコチップクッキー,0.028190189813944746
ホワイトチョコレート,マスクメロンシャーベット,0.028190189813944746
ホワイトチョコレート,マンゴーシャーベット,0.025747040030069536
ホワイトチョコレート,抹茶ロール,0.03082127419657959
ホワイトチョコレート,いもようかん,0.028190189813944746
ホワイトチョコレート,みつまめ,0.027814320616425484
ホワイトチョコレート,生シュークリーム,0.0332644239804548
ホワイトチョコレート,みたらし団子,0.028941928208983274
ホワイトチョコレート,イチゴのショートケーキ,0.02631084382634843
ホワイトチョコレート,ビターチョコレート,0.030069535801541064
ホワイトチョコレート,マカロン,0.02950573200526217
ホワイトチョコレート,フルーツロール,0.02875399361022364
ホワイトチョコレート,和栗のモンブラン,0.025559105431309903
あんドーナツ,みつまめ,0.030425572886578087
あんドーナツ,和栗のモンブラン,0.02869247063354516
あんドーナツ,水ようかん,0.031966108222607356
あんドーナツ,生シュークリーム,0.029462738301559793
あんドーナツ,ごま団子,0.02638166762950125
あんドーナツ,カスタードシュークリーム,0.027151935297515885
あんドーナツ,チョコチップクッキー,0.02772963604852686
あんドーナツ,ホワイトチョコレート,0.02657423454650491
あんドーナツ,マカロン,0.029077604467552476
あんドーナツ,塩あんみつ,0.027151935297515885
あんドーナツ,カスタードプリン,0.028885037550548817
あんドーナツ,ミルフィーユ,0.026189100712497592
あんドーナツ,醤油団子,0.027151935297515885
あんドーナツ,みたらし団子,0.027151935297515885
あんドーナツ,ビターチョコレート,0.029655305218563452
あんドーナツ,ミルクプリン,0.029077604467552476
あんドーナツ,きんつば,0.02811476988253418
あんドーナツ,ところてん,0.029270171384556135
あんドーナツ,クリームあんみつ,0.03138840747159638
あんドーナツ,マンゴープリン,0.02657423454650491
あんドーナツ,いもようかん,0.025418833044482957
あんドーナツ,うぐいすあんぱん,0.029655305218563452
あんドーナツ,セサミクッキー,0.02772963604852686
あんドーナツ,ねりようかん,0.026766801463508568
あんドーナツ,イチゴのショートケーキ,0.02869247063354516
あんドーナツ,フルーツロール,0.028885037550548817
あんドーナツ,ミルクチョコレート,0.02638166762950125
あんドーナツ,杏仁豆腐,0.027344502214519544
あんドーナツ,いちごのタルト,0.026959368380512227
あんドーナツ,マスクメロンシャーベット,0.02792220296553052
あんドーナツ,抹茶ロール,0.029077604467552476
あんドーナツ,焼きプリン,0.029270171384556135
カスタードプリン,うぐいすあんぱん,0.03076632691581729
カスタードプリン,マスクメロンシャーベット,0.028690071725179313
カスタードプリン,あんドーナツ,0.028312570781426953
カスタードプリン,みつまめ,0.030577576443941108
カスタードプリン,生シュークリーム,0.027368818422046054
カスタードプリン,ごま団子,0.03020007550018875
カスタードプリン,オレンジピールチョコレート,0.028312570781426953
カスタードプリン,クリームあんみつ,0.029067572668931674
カスタードプリン,マンゴーシャーベット,0.031710079275198186
カスタードプリン,きんつば,0.029067572668931674
カスタードプリン,ミルフィーユ,0.026236315590788976
カスタードプリン,醤油団子,0.02548131370328426
カスタードプリン,えびせん,0.02642506606266516
カスタードプリン,ねりようかん,0.027746319365798414
カスタードプリン,みたらし団子,0.029067572668931674
カスタードプリン,イチゴのショートケーキ,0.029633824084560213
カスタードプリン,ホワイトチョコレート,0.03227633069082673
カスタードプリン,マカロン,0.029067572668931674
カスタードプリン,ミルクプリン,0.03020007550018875
カスタードプリン,いもようかん,0.027935069837674593
カスタードプリン,セサミクッキー,0.02944507361268403
カスタードプリン,フルーツロール,0.028312570781426953
カスタードプリン,ビターチョコレート,0.028690071725179313
カスタードプリン,杏仁豆腐,0.029067572668931674
カスタードプリン,水ようかん,0.03152132880332201
カスタードプリン,カスタードシュークリーム,0.029067572668931674
カスタードプリン,抹茶ロール,0.030577576443941108
カスタードプリン,焼きプリン,0.028312570781426953
セサミクッキー,えびせん,0.025182622068435218
セサミクッキー,ところてん,0.03094963475586313
セサミクッキー,カスタードシュークリーム,0.025567089580930413
セサミクッキー,チョコチップクッキー,0.027873894655901576
セサミクッキー,リンゴのタルト,0.0265282583621684
セサミクッキー,塩あんみつ,0.025951557093425604
セサミクッキー,いもようかん,0.02748942714340638
セサミクッキー,きんつば,0.028066128412149175
セサミクッキー,水ようかん,0.028066128412149175
セサミクッキー,みたらし団子,0.027873894655901576
セサミクッキー,オレンジピールチョコレート,0.0263360246059208
セサミクッキー,ホワイトチョコレート,0.030180699730872743
セサミクッキー,マスクメロンシャーベット,0.026720492118415994
セサミクッキー,マンゴープリン,0.028642829680891966
セサミクッキー,ミルクプリン,0.026143790849673203
セサミクッキー,焼きプリン,0.025374855824682813
セサミクッキー,ミルクチョコレート,0.03094963475586313
セサミクッキー,ミルフィーユ,0.029219530949634757
セサミクッキー,和栗のモンブラン,0.026720492118415994
セサミクッキー,醤油団子,0.025567089580930413
セサミクッキー,いちごのタルト,0.02883506343713956
セサミクッキー,イチゴのショートケーキ,0.02710495963091119
セサミクッキー,クリームあんみつ,0.028066128412149175
セサミクッキー,マカロン,0.031526336024605923
セサミクッキー,マンゴーシャーベット,0.027873894655901576
セサミクッキー,抹茶ロール,0.029411764705882353
セサミクッキー,あんドーナツ,0.02768166089965398
セサミクッキー,みつまめ,0.028450595924644367
セサミクッキー,カスタードプリン,0.029988465974625143
セサミクッキー,フルーツロール,0.030565167243367934
セサミクッキー,うぐいすあんぱん,0.025567089580930413
セサミクッキー,杏仁豆腐,0.029796232218377548
セサミクッキー,生シュークリーム,0.026143790849673203
セサミクッキー,ごま団子,0.025182622068435218
セサミクッキー,ねりようかん,0.02710495963091119
セサミクッキー,ビターチョコレート,0.027297193387158785
フルーツロール,いもようかん,0.026649026649026648
フルーツロール,きんつば,0.025704025704025704
フルーツロール,和栗のモンブラン,0.02608202608202608
フルーツロール,チョコチップクッキー,0.028728028728028727
フルーツロール,ビターチョコレート,0.02835002835002835
フルーツロール,マカロン,0.025893025893025893
フルーツロール,焼きプリン,0.02608202608202608
フルーツロール,醤油団子,0.029295029295029296
フルーツロール,ところてん,0.029106029106029108
フルーツロール,カスタードシュークリーム,0.027783027783027783
フルーツロール,抹茶ロール,0.02835002835002835
フルーツロール,みつまめ,0.028539028539028538
フルーツロール,生シュークリーム,0.028539028539028538
フルーツロール,ごま団子,0.03042903042903043
フルーツロール,ねりようかん,0.02646002646002646
フルーツロール,リンゴのタルト,0.028917028917028915
フルーツロール,カスタードプリン,0.02835002835002835
フルーツロール,セサミクッキー,0.03005103005103005
フルーツロール,水ようかん,0.026838026838026836
フルーツロール,いちごのタルト,0.02816102816102816
フルーツロール,イチゴのショートケーキ,0.026649026649026648
フルーツロール,クリームあんみつ,0.031563031563031564
フルーツロール,ミルクプリン,0.029862029862029862
フルーツロール,塩あんみつ,0.02702702702702703
フルーツロール,あんドーナツ,0.02835002835002835
フルーツロール,ミルクチョコレート,0.029862029862029862
フルーツロール,ミルフィーユ,0.02702702702702703
フルーツロール,杏仁豆腐,0.027594027594027595
フルーツロール,えびせん,0.02816102816102816
フルーツロール,みたらし団子,0.028539028539028538
フルーツロール,ホワイトチョコレート,0.028917028917028915
フルーツロール,マスクメロンシャーベット,0.028917028917028915
フルーツロール,マンゴープリン,0.028539028539028538
杏仁豆腐,和栗のモンブラン,0.02738938900593756
杏仁豆腐,醤油団子,0.02949626508331737
杏仁豆腐,いちごのタルト,0.033518483049224286
杏仁豆腐,ごま団子,0.031411606971844475
杏仁豆腐,みたらし団子,0.03275234629381345
杏仁豆腐,カスタードシュークリーム,0.02681478643937943
杏仁豆腐,ホワイトチョコレート,0.028730128327906532
杏仁豆腐,マカロン,0.025665581306263167
杏仁豆腐,いもようかん,0.030645470216433632
杏仁豆腐,みつまめ,0.026240183872821298
杏仁豆腐,ミルクチョコレート,0.026240183872821298
杏仁豆腐,えびせん,0.02681478643937943
杏仁豆腐,ビターチョコレート,0.02681478643937943
杏仁豆腐,塩あんみつ,0.02834705995020111
杏仁豆腐,水ようかん,0.02643171806167401
杏仁豆腐,生シュークリーム,0.02758092319479027
杏仁豆腐,オレンジピールチョコレート,0.032560812104960736
杏仁豆腐,マンゴープリン,0.02547404711741046
杏仁豆腐,焼きプリン,0.02681478643937943
杏仁豆腐,きんつば,0.030453936027580925
杏仁豆腐,イチゴのショートケーキ,0.027197854817084848
杏仁豆腐,あんドーナツ,0.027197854817084848
杏仁豆腐,うぐいすあんぱん,0.02700632062823214
杏仁豆腐,カスタードプリン,0.02949626508331737
杏仁豆腐,セサミクッキー,0.029687799272170082
杏仁豆腐,フルーツロール,0.02796399157249569
杏仁豆腐,ミルフィーユ,0.030837004405286344
杏仁豆腐,マンゴーシャーベット,0.02777245738364298
杏仁豆腐,ミルクプリン,0.031220072782991763
杏仁豆腐,リンゴのタルト,0.02547404711741046
杏仁豆腐,抹茶ロール,0.025090978739705037
いちごのタルト,オレンジピールチョコレート,0.029356060606060608
いちごのタルト,チョコチップクッキー,0.02878787878787879
いちごのタルト,塩あんみつ,0.025946969696969698
いちごのタルト,抹茶ロール,0.030303030303030304
いちごのタルト,ミルフィーユ,0.030303030303030304
いちごのタルト,杏仁豆腐,0.03314393939393939
いちごのタルト,ビターチョコレート,0.026515151515151516
いちごのタルト,ホワイトチョコレート,0.025946969696969698
いちごのタルト,マスクメロンシャーベット,0.02727272727272727
いちごのタルト,ミルクプリン,0.02727272727272727
いちごのタルト,きんつば,0.030113636363636363
いちごのタルト,和栗のモンブラン,0.02878787878787879
いちごのタルト,えびせん,0.025946969696969698
いちごのタルト,ところてん,0.02784090909090909
いちごのタルト,ねりようかん,0.029166666666666667
いちごのタルト,カスタードシュークリーム,0.02556818181818182
いちごのタルト,いもようかん,0.028977272727272727
いちごのタルト,セサミクッキー,0.028409090909090908
いちごのタルト,醤油団子,0.026893939393939394
いちごのタルト,ごま団子,0.02803030303030303
いちごのタルト,イチゴのショートケーキ,0.02878787878787879
いちごのタルト,マカロン,0.030871212121212122
いちごのタルト,マンゴーシャーベット,0.026136363636363635
いちごのタルト,マンゴープリン,0.030113636363636363
いちごのタルト,みつまめ,0.027462121212121212
いちごのタルト,フルーツロール,0.02821969696969697
いちごのタルト,ミルクチョコレート,0.027462121212121212
いちごのタルト,生シュークリーム,0.025757575757575757
いちごのタルト,みたらし団子,0.025757575757575757
いちごのタルト,クリームあんみつ,0.02821969696969697
いちごのタルト,リンゴのタルト,0.028977272727272727
いちごのタルト,焼きプリン,0.026136363636363635
いちごのタルト,あんドーナツ,0.026515151515151516
いちごのタルト,うぐいすあんぱん,0.026515151515151516
いちごのタルト,水ようかん,0.026893939393939394
ねりようかん,ごま団子,0.02983947119924457
ねりようかん,みたらし団子,0.030406043437204912
ねりようかん,オレンジピールチョコレート,0.029084041548630785
ねりようかん,カスタードシュークリーム,0.02983947119924457
ねりようかん,ミルクプリン,0.029650613786591125
ねりようかん,醤油団子,0.026628895184135977
ねりようかん,イチゴのショートケーキ,0.02813975448536355
ねりようかん,マカロン,0.029650613786591125
ねりようかん,マンゴーシャーベット,0.03002832861189802
ねりようかん,マンゴープリン,0.02813975448536355
ねりようかん,抹茶ロール,0.03172804532577904
ねりようかん,うぐいすあんぱん,0.029084041548630785
ねりようかん,みつまめ,0.02813975448536355
ねりようかん,いちごのタルト,0.029084041548630785
ねりようかん,クリームあんみつ,0.028328611898016998
ねりようかん,ビターチョコレート,0.02644003777148253
ねりようかん,カスタードプリン,0.027762039660056657
ねりようかん,フルーツロール,0.02644003777148253
ねりようかん,ホワイトチョコレート,0.028895184135977338
ねりようかん,焼きプリン,0.026251180358829083
ねりようかん,あんドーナツ,0.026251180358829083
ねりようかん,水ようかん,0.03059490084985836
ねりようかん,生シュークリーム,0.025495750708215296
ねりようかん,えびせん,0.025684608120868743
ねりようかん,チョコチップクッキー,0.028517469310670444
ねりようかん,マスクメロンシャーベット,0.030217186024551465
ねりようかん,塩あんみつ,0.031350330500472146
ねりようかん,いもようかん,0.02757318224740321
ねりようかん,セサミクッキー,0.026628895184135977
ねりようかん,ミルクチョコレート,0.02644003777148253
ねりようかん,ミルフィーユ,0.026817752596789424
ねりようかん,和栗のモンブラン,0.027762039660056657
チョコチップクッキー,いちごのタルト,0.02916346891788181
チョコチップクッキー,あんドーナツ,0.02762854950115119
チョコチップクッキー,セサミクッキー,0.027820414428242516
チョコチップクッキー,フルーツロール,0.02916346891788181
チョコチップクッキー,生シュークリーム,0.026669224865694553
チョコチップクッキー,ごま団子,0.02858787413660783
チョコチップクッキー,オレンジピールチョコレート,0.02762854950115119
チョコチップクッキー,クリームあんみつ,0.02762854950115119
チョコチップクッキー,抹茶ロール,0.02858787413660783
チョコチップクッキー,ミルフィーユ,0.028779739063699156
チョコチップクッキー,ところてん,0.026669224865694553
チョコチップクッキー,ミルクプリン,0.02762854950115119
チョコチップクッキー,うぐいすあんぱん,0.0283960092095165
チョコチップクッキー,みつまめ,0.02858787413660783
チョコチップクッキー,イチゴのショートケーキ,0.030506523407521104
チョコチップクッキー,カスタードシュークリーム,0.027820414428242516
チョコチップクッキー,ホワイトチョコレート,0.028779739063699156
チョコチップクッキー,リンゴのタルト,0.029930928626247123
チョコチップクッキー,焼きプリン,0.030506523407521104
チョコチップクッキー,いもようかん,0.029930928626247123
チョコチップクッキー,和栗のモンブラン,0.025518035303146586
チョコチップクッキー,水ようかん,0.02590176515732924
チョコチップクッキー,ねりようかん,0.028971603990790483
チョコチップクッキー,ビターチョコレート,0.03127398311588642
チョコチップクッキー,マカロン,0.02762854950115119
チョコチップクッキー,マンゴーシャーベット,0.027820414428242516
チョコチップクッキー,マンゴープリン,0.02858787413660783
チョコチップクッキー,塩あんみつ,0.032041442824251726
チョコチップクッキー,きんつば,0.02762854950115119
チョコチップクッキー,醤油団子,0.030314658480429777
マスクメロンシャーベット,リンゴのタルト,0.03304215723509305
マスクメロンシャーベット,カスタードプリン,0.028864413216862894
マスクメロンシャーベット,いちごのタルト,0.02734523357387011
マスクメロンシャーベット,ところてん,0.026775541207747815
マスクメロンシャーベット,みたらし団子,0.026965438663121913
マスクメロンシャーベット,イチゴのショートケーキ,0.026205848841625523
マスクメロンシャーベット,マンゴープリン,0.030003797949107482
マスクメロンシャーベット,いもようかん,0.0282947208507406
マスクメロンシャーベット,みつまめ,0.029624003038359287
マスクメロンシャーベット,セサミクッキー,0.02639574629699962
マスクメロンシャーベット,ミルクチョコレート,0.025636156475503227
マスクメロンシャーベット,ミルフィーユ,0.03190277250284846
マスクメロンシャーベット,えびせん,0.027155336118496014
マスクメロンシャーベット,クリームあんみつ,0.028674515761488797
マスクメロンシャーベット,ミルクプリン,0.028674515761488797
マスクメロンシャーベット,塩あんみつ,0.025826053930877325
マスクメロンシャーベット,抹茶ロール,0.025636156475503227
マスクメロンシャーベット,うぐいすあんぱん,0.030383592859855677
マスクメロンシャーベット,和栗のモンブラン,0.026775541207747815
マスクメロンシャーベット,水ようかん,0.026965438663121913
マスクメロンシャーベット,生シュークリーム,0.026205848841625523
マスクメロンシャーベット,醤油団子,0.027914925939992404
マスクメロンシャーベット,カスタードシュークリーム,0.025066464109380935
マスクメロンシャーベット,ホワイトチョコレート,0.0284846183061147
マスクメロンシャーベット,きんつば,0.034181541967337636
マスクメロンシャーベット,ごま団子,0.027725028484618306
マスクメロンシャーベット,ねりようかん,0.030383592859855677
マスクメロンシャーベット,オレンジピールチョコレート,0.02924420812761109
マスクメロンシャーベット,マカロン,0.031712875047474366
マスクメロンシャーベット,あんドーナツ,0.02753513102924421
マスクメロンシャーベット,フルーツロール,0.02905431067223699
焼きプリン,えびせん,0.028912875867386275
焼きプリン,ごま団子,0.0279491133384734
焼きプリン,ところてん,0.028141865844255976
焼きプリン,マンゴープリン,0.027370855821125674
焼きプリン,ミルクプリン,0.02833461835003855
焼きプリン,フルーツロール,0.026599845797995375
焼きプリン,生シュークリーム,0.029491133384734
焼きプリン,みたらし団子,0.02756360832690825
焼きプリン,カスタードシュークリーム,0.026985350809560524
焼きプリン,マンゴーシャーベット,0.02910562837316885
焼きプリン,みつまめ,0.031033153430994602
焼きプリン,セサミクッキー,0.025443330763299923
焼きプリン,ミルクチョコレート,0.031033153430994602
焼きプリン,ホワイトチョコレート,0.027756360832690823
焼きプリン,マスクメロンシャーベット,0.025057825751734774
焼きプリン,うぐいすあんぱん,0.0271781033153431
焼きプリン,杏仁豆腐,0.026985350809560524
焼きプリン,水ようかん,0.02987663839629915
焼きプリン,ねりようかん,0.026792598303777948
焼きプリン,チョコチップクッキー,0.030647648419429453
焼きプリン,ビターチョコレート,0.028527370855821126
焼きプリン,マカロン,0.026792598303777948
焼きプリン,ミルフィーユ,0.02910562837316885
焼きプリン,醤油団子,0.028141865844255976
焼きプリン,いちごのタルト,0.026599845797995375
焼きプリン,オレンジピールチョコレート,0.025250578257517347
焼きプリン,リンゴのタルト,0.028527370855821126
焼きプリン,抹茶ロール,0.026214340786430222
焼きプリン,あんドーナツ,0.029298380878951428
焼きプリン,いもようかん,0.02756360832690825
焼きプリン,きんつば,0.031418658442559755
焼きプリン,カスタードプリン,0.028912875867386275
焼きプリン,和栗のモンブラン,0.029683885890516577
いもようかん,フルーツロール,0.026628895184135977
いもようかん,抹茶ロール,0.025495750708215296
いもようかん,うぐいすあんぱん,0.029650613786591125
いもようかん,セサミクッキー,0.02700661000944287
いもようかん,ミルクチョコレート,0.026062322946175637
いもようかん,杏仁豆腐,0.030217186024551465
いもようかん,ところてん,0.02813975448536355
いもようかん,みたらし団子,0.02813975448536355
いもようかん,オレンジピールチョコレート,0.026251180358829083
いもようかん,マスクメロンシャーベット,0.02813975448536355
いもようかん,マンゴープリン,0.027950897072710104
いもようかん,ミルクプリン,0.02700661000944287
いもようかん,みつまめ,0.026628895184135977
いもようかん,ミルフィーユ,0.028328611898016998
いもようかん,生シュークリーム,0.031161473087818695
いもようかん,いちごのタルト,0.028895184135977338
いもようかん,ごま団子,0.027384324834749764
いもようかん,カスタードシュークリーム,0.02644003777148253
いもようかん,マカロン,0.02757318224740321
いもようかん,カスタードプリン,0.027950897072710104
いもようかん,和栗のモンブラン,0.027195467422096317
いもようかん,醤油団子,0.031161473087818695
いもようかん,えびせん,0.028328611898016998
いもようかん,イチゴのショートケーキ,0.03229461756373938
いもようかん,チョコチップクッキー,0.029461756373937678
いもようかん,ビターチョコレート,0.028517469310670444
いもようかん,ホワイトチョコレート,0.028328611898016998
いもようかん,きんつば,0.03002832861189802
いもようかん,水ようかん,0.02927289896128423
いもようかん,ねりようかん,0.02757318224740321
いもようかん,塩あんみつ,0.02870632672332389
いもようかん,焼きプリン,0.02700661000944287
みつまめ,あんドーナツ,0.03015267175572519
みつまめ,うぐいすあんぱん,0.025190839694656488
みつまめ,ミルクチョコレート,0.030916030534351144
みつまめ,和栗のモンブラン,0.03187022900763359
みつまめ,カスタードプリン,0.030916030534351144
みつまめ,杏仁豆腐,0.026145038167938933
みつまめ,ねりようかん,0.028435114503816795
みつまめ,みたらし団子,0.028244274809160305
みつまめ,マスクメロンシャーベット,0.029770992366412213
みつまめ,リンゴのタルト,0.028053435114503818
みつまめ,焼きプリン,0.030725190839694657
みつまめ,いもようかん,0.026908396946564887
みつまめ,きんつば,0.028244274809160305
みつまめ,フルーツロール,0.028816793893129772
みつまめ,水ようかん,0.02900763358778626
みつまめ,えびせん,0.02862595419847328
みつまめ,イチゴのショートケーキ,0.02748091603053435
みつまめ,カスタードシュークリーム,0.02919847328244275
みつまめ,クリームあんみつ,0.026908396946564887
みつまめ,チョコチップクッキー,0.028435114503816795
みつまめ,ビターチョコレート,0.027290076335877864
みつまめ,マカロン,0.028816793893129772
みつまめ,塩あんみつ,0.025763358778625955
みつまめ,抹茶ロール,0.028244274809160305
みつまめ,セサミクッキー,0.028244274809160305
みつまめ,生シュークリーム,0.026908396946564887
みつまめ,いちごのタルト,0.02767175572519084
みつまめ,ごま団子,0.025954198473282442
みつまめ,ホワイトチョコレート,0.028244274809160305
みつまめ,ミルフィーユ,0.026145038167938933
みつまめ,ところてん,0.02633587786259542
みつまめ,マンゴープリン,0.02900763358778626
みつまめ,ミルクプリン,0.02538167938931298
ミルクチョコレート,うぐいすあんぱん,0.028076923076923076
ミルクチョコレート,みつまめ,0.031153846153846153
ミルクチョコレート,和栗のモンブラン,0.0275
ミルクチョコレート,えびせん,0.027115384615384614
ミルクチョコレート,ごま団子,0.025961538461538463
ミルクチョコレート,オレンジピールチョコレート,0.025961538461538463
ミルクチョコレート,クリームあんみつ,0.025384615384615384
ミルクチョコレート,マンゴープリン,0.02653846153846154
ミルクチョコレート,塩あんみつ,0.027115384615384614
ミルクチョコレート,いもようかん,0.02653846153846154
ミルクチョコレート,カスタードプリン,0.025384615384615384
ミルクチョコレート,杏仁豆腐,0.026346153846153846
ミルクチョコレート,水ようかん,0.02980769230769231
ミルクチョコレート,イチゴのショートケーキ,0.0275
ミルクチョコレート,マスクメロンシャーベット,0.025961538461538463
ミルクチョコレート,焼きプリン,0.03096153846153846
ミルクチョコレート,セサミクッキー,0.03096153846153846
ミルクチョコレート,ホワイトチョコレート,0.029038461538461537
ミルクチョコレート,きんつば,0.030192307692307692
ミルクチョコレート,生シュークリーム,0.0275
ミルクチョコレート,いちごのタルト,0.027884615384615386
ミルクチョコレート,みたらし団子,0.026923076923076925
ミルクチョコレート,カスタードシュークリーム,0.02519230769230769
ミルクチョコレート,マンゴーシャーベット,0.03096153846153846
ミルクチョコレート,ミルクプリン,0.03192307692307692
ミルクチョコレート,あんドーナツ,0.026346153846153846
ミルクチョコレート,フルーツロール,0.030384615384615385
ミルクチョコレート,ミルフィーユ,0.02846153846153846
ミルクチョコレート,醤油団子,0.028076923076923076
ミルクチョコレート,ところてん,0.036730769230769234
ミルクチョコレート,ねりようかん,0.026923076923076925
ミルクチョコレート,マカロン,0.02923076923076923
水ようかん,あんドーナツ,0.03123236124176858
水ようかん,ミルフィーユ,0.02878645343367827
水ようかん,ごま団子,0.033490122295390404
水ようかん,イチゴのショートケーキ,0.031044214487300093
水ようかん,ビターチョコレート,0.02784571966133584
水ようかん,マンゴープリン,0.025211665098777047
水ようかん,抹茶ロール,0.026528692380056444
水ようかん,セサミクッキー,0.02746942615239887
水ようかん,ミルクチョコレート,0.02916274694261524
水ようかん,生シュークリーム,0.02784571966133584
水ようかん,カスタードシュークリーム,0.028974600188146755
水ようかん,ホワイトチョコレート,0.03123236124176858
水ようかん,みつまめ,0.028598306679209783
水ようかん,杏仁豆腐,0.025964252116650988
水ようかん,みたらし団子,0.025776105362182503
水ようかん,クリームあんみつ,0.027657572906867357
水ようかん,マスクメロンシャーベット,0.02671683913452493
水ようかん,焼きプリン,0.02916274694261524
水ようかん,うぐいすあんぱん,0.028222013170272814
水ようかん,フルーツロール,0.02671683913452493
水ようかん,醤油団子,0.030291627469426152
水ようかん,ねりようかん,0.030479774223894637
水ようかん,オレンジピールチョコレート,0.027281279397930385
水ようかん,チョコチップクッキー,0.02539981185324553
水ようかん,マンゴーシャーベット,0.02878645343367827
水ようかん,いもようかん,0.02916274694261524
水ようかん,きんつば,0.025211665098777047
水ようかん,カスタードプリン,0.031420507996237065
水ようかん,いちごのタルト,0.02671683913452493
水ようかん,ミルクプリン,0.027657572906867357
水ようかん,リンゴのタルト,0.02746942615239887
水ようかん,塩あんみつ,0.027281279397930385
ごま団子,ねりようかん,0.02973837756446452
ごま団子,カスタードシュークリーム,0.031055900621118012
ごま団子,焼きプリン,0.027291549030679464
ごま団子,あんドーナツ,0.025785808394504048
ごま団子,うぐいすあんぱん,0.025032938076416336
ごま団子,ミルクチョコレート,0.025409373235460192
ごま団子,杏仁豆腐,0.030867683041596084
ごま団子,水ようかん,0.033502729154903065
ごま団子,チョコチップクッキー,0.028044419348767176
ごま団子,マンゴープリン,0.025974025974025976
ごま団子,リンゴのタルト,0.025974025974025976
ごま団子,塩あんみつ,0.025974025974025976
ごま団子,きんつば,0.026915113871635612
ごま団子,カスタードプリン,0.030114812723508376
ごま団子,みたらし団子,0.025221155655938264
ごま団子,イチゴのショートケーキ,0.028609072087332956
ごま団子,オレンジピールチョコレート,0.02973837756446452
ごま団子,いもようかん,0.027291549030679464
ごま団子,フルーツロール,0.030303030303030304
ごま団子,ミルフィーユ,0.02917372482589874
ごま団子,生シュークリーム,0.028420854507811028
ごま団子,醤油団子,0.0261622435535479
ごま団子,いちごのタルト,0.027856201769245248
ごま団子,えびせん,0.028232636928289104
ごま団子,クリームあんみつ,0.029550159984942592
ごま団子,ビターチョコレート,0.028232636928289104
ごま団子,マカロン,0.026350461133069828
ごま団子,ミルクプリン,0.028232636928289104
ごま団子,みつまめ,0.02559759081498212
ごま団子,マスクメロンシャーベット,0.027479766610201392
ごま団子,マンゴーシャーベット,0.030303030303030304
ごま団子,抹茶ロール,0.028232636928289104
ごま団子,和栗のモンブラン,0.03162055335968379
カスタードシュークリーム,ごま団子,0.031964354901201086
カスタードシュークリーム,ねりようかん,0.03060829135993801
カスタードシュークリーム,オレンジピールチョコレート,0.026540100736148778
カスタードシュークリーム,ミルクプリン,0.029252227818674932
カスタードシュークリーム,あんドーナツ,0.027314994188299108
カスタードシュークリーム,きんつば,0.027314994188299108
カスタードシュークリーム,セサミクッキー,0.02576520728399845
カスタードシュークリーム,杏仁豆腐,0.027121270825261525
カスタードシュークリーム,クリームあんみつ,0.028089887640449437
カスタードシュークリーム,ビターチョコレート,0.027314994188299108
カスタードシュークリーム,マンゴーシャーベット,0.029252227818674932
カスタードシュークリーム,焼きプリン,0.027121270825261525
カスタードシュークリーム,うぐいすあんぱん,0.02673382409918636
カスタードシュークリーム,フルーツロール,0.028477334366524602
カスタードシュークリーム,和栗のモンブラン,0.028477334366524602
カスタードシュークリーム,水ようかん,0.02983339790778768
カスタードシュークリーム,いちごのタルト,0.026152654010073616
カスタードシュークリーム,えびせん,0.029252227818674932
カスタードシュークリーム,ホワイトチョコレート,0.0263463773731112
カスタードシュークリーム,マカロン,0.025184037194885704
カスタードシュークリーム,リンゴのタルト,0.02983339790778768
カスタードシュークリーム,いもようかん,0.027121270825261525
カスタードシュークリーム,みつまめ,0.029639674544750097
カスタードシュークリーム,ところてん,0.027896164277411855
カスタードシュークリーム,みたらし団子,0.028864781092599767
カスタードシュークリーム,イチゴのショートケーキ,0.030414567996900427
カスタードシュークリーム,チョコチップクッキー,0.028089887640449437
カスタードシュークリーム,マスクメロンシャーベット,0.02557148392096087
カスタードシュークリーム,塩あんみつ,0.025377760557923287
カスタードシュークリーム,抹茶ロール,0.028089887640449437
カスタードシュークリーム,ミルクチョコレート,0.025377760557923287
カスタードシュークリーム,カスタードプリン,0.02983339790778768
カスタードシュークリーム,ミルフィーユ,0.027702440914374273
カスタードシュークリーム,生シュークリーム,0.028864781092599767
クリームあんみつ,マンゴープリン,0.02571918460659173
クリームあんみつ,きんつば,0.028576871785101925
クリームあんみつ,ミルクチョコレート,0.025147647170889693
クリームあんみつ,和栗のモンブラン,0.028576871785101925
クリームあんみつ,ところてん,0.030672509049342732
クリームあんみつ,みたらし団子,0.02533815964945704
クリームあんみつ,カスタードシュークリーム,0.027624309392265192
クリームあんみつ,チョコチップクッキー,0.027433796913697846
クリームあんみつ,リンゴのタルト,0.028195846827967233
クリームあんみつ,うぐいすあんぱん,0.027052771956563155
クリームあんみつ,カスタードプリン,0.029338921699371308
クリームあんみつ,ミルフィーユ,0.02838635930653458
クリームあんみつ,ねりようかん,0.028576871785101925
クリームあんみつ,マカロン,0.03276814631358354
クリームあんみつ,マスクメロンシャーベット,0.02876738426366927
クリームあんみつ,ミルクプリン,0.025528672128024385
クリームあんみつ,抹茶ロール,0.027814821870832538
クリームあんみつ,あんドーナツ,0.031053534006477423
クリームあんみつ,みつまめ,0.02686225947799581
クリームあんみつ,セサミクッキー,0.027814821870832538
クリームあんみつ,水ようかん,0.028005334349399887
クリームあんみつ,生シュークリーム,0.02876738426366927
クリームあんみつ,ごま団子,0.02991045913507335
クリームあんみつ,ビターチョコレート,0.02838635930653458
クリームあんみつ,塩あんみつ,0.027814821870832538
クリームあんみつ,フルーツロール,0.03181558392074681
クリームあんみつ,醤油団子,0.02686225947799581
クリームあんみつ,いちごのタルト,0.02838635930653458
クリームあんみつ,えびせん,0.030481996570775386
クリームあんみつ,イチゴのショートケーキ,0.030481996570775386
クリームあんみつ,マンゴーシャーベット,0.026671746999428463
マカロン,ビターチョコレート,0.028323262839879154
マカロン,マンゴープリン,0.02737915407854985
マカロン,あんドーナツ,0.028512084592145014
マカロン,うぐいすあんぱん,0.026435045317220542
マカロン,フルーツロール,0.02586858006042296
マカロン,和栗のモンブラン,0.02530211480362538
マカロン,杏仁豆腐,0.02530211480362538
マカロン,ねりようかん,0.02964501510574018
マカロン,ミルクプリン,0.030589123867069485
マカロン,リンゴのタルト,0.02945619335347432
マカロン,抹茶ロール,0.027945619335347432
マカロン,きんつば,0.02737915407854985
マカロン,ミルフィーユ,0.027190332326283987
マカロン,みたらし団子,0.02737915407854985
マカロン,イチゴのショートケーキ,0.027001510574018128
マカロン,クリームあんみつ,0.0324773413897281
マカロン,塩あんみつ,0.025490936555891238
マカロン,いもようかん,0.02756797583081571
マカロン,みつまめ,0.028512084592145014
マカロン,カスタードプリン,0.0290785498489426
マカロン,セサミクッキー,0.030966767371601207
マカロン,いちごのタルト,0.030777945619335348
マカロン,えびせん,0.028134441087613295
マカロン,ごま団子,0.026435045317220542
マカロン,マンゴーシャーベット,0.026246223564954683
マカロン,焼きプリン,0.026246223564954683
マカロン,生シュークリーム,0.026435045317220542
マカロン,醤油団子,0.02945619335347432
マカロン,ところてん,0.026246223564954683
マカロン,オレンジピールチョコレート,0.02756797583081571
マカロン,チョコチップクッキー,0.027190332326283987
マカロン,ホワイトチョコレート,0.02964501510574018
マカロン,マスクメロンシャーベット,0.03153323262839879
マカロン,ミルクチョコレート,0.028700906344410877
リンゴのタルト,みたらし団子,0.02816631538608929
リンゴのタルト,オレンジピールチョコレート,0.027783100210768345
リンゴのタルト,ホワイトチョコレート,0.02816631538608929
リンゴのタルト,マスクメロンシャーベット,0.03333972025292201
リンゴのタルト,マンゴーシャーベット,0.029315960912052116
リンゴのタルト,塩あんみつ,0.02950756849971259
リンゴのタルト,抹茶ロール,0.03257328990228013
リンゴのタルト,セサミクッキー,0.026441847097145046
リンゴのタルト,ミルフィーユ,0.02567541674650316
リンゴのタルト,和栗のモンブラン,0.029124353324391648
リンゴのタルト,ごま団子,0.026441847097145046
リンゴのタルト,ねりようかん,0.025100593983521748
リンゴのタルト,イチゴのショートケーキ,0.02682506227246599
リンゴのタルト,クリームあんみつ,0.028357922973749762
リンゴのタルト,マカロン,0.02989078367503353
リンゴのタルト,みつまめ,0.02816631538608929
リンゴのタルト,ところてん,0.027783100210768345
リンゴのタルト,カスタードシュークリーム,0.02950756849971259
リンゴのタルト,うぐいすあんぱん,0.02950756849971259
リンゴのタルト,フルーツロール,0.029315960912052116
リンゴのタルト,生シュークリーム,0.027208277447786932
リンゴのタルト,醤油団子,0.030848821613335888
リンゴのタルト,チョコチップクッキー,0.02989078367503353
リンゴのタルト,ビターチョコレート,0.025100593983521748
リンゴのタルト,ミルクプリン,0.028741138149070703
リンゴのタルト,きんつば,0.028741138149070703
リンゴのタルト,いちごのタルト,0.029315960912052116
リンゴのタルト,えびせん,0.025867024334163633
リンゴのタルト,焼きプリン,0.028357922973749762
リンゴのタルト,杏仁豆腐,0.02548380915884269
リンゴのタルト,水ようかん,0.027974707798428818
塩あんみつ,いちごのタルト,0.026361362324417933
塩あんみつ,リンゴのタルト,0.029632480277082932
塩あんみつ,抹茶ロール,0.026746199730613814
塩あんみつ,あんドーナツ,0.0271310371368097
塩あんみつ,セサミクッキー,0.02597652491822205
塩あんみつ,ミルクチョコレート,0.0271310371368097
塩あんみつ,ミルフィーユ,0.025014431402732344
塩あんみつ,生シュークリーム,0.02732345583990764
塩あんみつ,ごま団子,0.026553781027515874
塩あんみつ,イチゴのショートケーキ,0.032133923417356165
塩あんみつ,ビターチョコレート,0.02751587454300558
塩あんみつ,杏仁豆腐,0.028477968058495284
塩あんみつ,ホワイトチョコレート,0.03117182990186646
塩あんみつ,マカロン,0.02597652491822205
塩あんみつ,マスクメロンシャーベット,0.026168943621319992
塩あんみつ,みつまめ,0.02597652491822205
塩あんみつ,みたらし団子,0.026553781027515874
塩あんみつ,オレンジピールチョコレート,0.028093130652299403
塩あんみつ,カスタードシュークリーム,0.02520685010583029
塩あんみつ,クリームあんみつ,0.028093130652299403
塩あんみつ,マンゴーシャーベット,0.027900711949201462
塩あんみつ,うぐいすあんぱん,0.0271310371368097
塩あんみつ,きんつば,0.02732345583990764
塩あんみつ,カスタードプリン,0.02539926880892823
塩あんみつ,フルーツロール,0.02751587454300558
塩あんみつ,えびせん,0.025014431402732344
塩あんみつ,ねりようかん,0.031941504714258225
塩あんみつ,チョコチップクッキー,0.032133923417356165
塩あんみつ,マンゴープリン,0.033096016932845876
塩あんみつ,ミルクプリン,0.02693861843371176
塩あんみつ,いもようかん,0.02924764287088705
塩あんみつ,和栗のモンブラン,0.03251876082355205
塩あんみつ,水ようかん,0.027900711949201462
塩あんみつ,醤油団子,0.03078699249567058
抹茶ロール,いちごのタルト,0.030035667354984044
抹茶ロール,オレンジピールチョコレート,0.02947249859207809
抹茶ロール,マンゴーシャーベット,0.02684437769851699
抹茶ロール,リンゴのタルト,0.03191289656467055
抹茶ロール,塩あんみつ,0.026093486014642387
抹茶ロール,いもようかん,0.025342594330767788
抹茶ロール,水ようかん,0.026468931856579687
抹茶ロール,生シュークリーム,0.02759526938239159
抹茶ロール,ねりようかん,0.03153745072273324
抹茶ロール,チョコチップクッキー,0.02797071522432889
抹茶ロール,マカロン,0.02778299230336024
抹茶ロール,うぐいすあんぱん,0.02797071522432889
抹茶ロール,フルーツロール,0.028158438145297542
抹茶ロール,醤油団子,0.02778299230336024
抹茶ロール,クリームあんみつ,0.02740754646142294
抹茶ロール,マスクメロンシャーベット,0.025342594330767788
抹茶ロール,みつまめ,0.02778299230336024
抹茶ロール,セサミクッキー,0.028721606908203492
抹茶ロール,みたらし団子,0.02890932982917214
抹茶ロール,カスタードシュークリーム,0.02721982354045429
抹茶ロール,ホワイトチョコレート,0.030786559038858644
抹茶ロール,和栗のモンブラン,0.02759526938239159
抹茶ロール,えびせん,0.02797071522432889
抹茶ロール,ごま団子,0.028158438145297542
抹茶ロール,イチゴのショートケーキ,0.030598836117889994
抹茶ロール,マンゴープリン,0.029660221513046744
抹茶ロール,ミルクプリン,0.02721982354045429
抹茶ロール,焼きプリン,0.025530317251736438
抹茶ロール,あんドーナツ,0.028346161066266192
抹茶ロール,きんつば,0.03172517364370189
抹茶ロール,カスタードプリン,0.030411113196921344
抹茶ロール,ミルフィーユ,0.02721982354045429
うぐいすあんぱん,みつまめ,0.025099828864803195
うぐいすあんぱん,カスタードプリン,0.03099448564365849
うぐいすあんぱん,ミルクチョコレート,0.027761931926221714
うぐいすあんぱん,ごま団子,0.025289979083475946
うぐいすあんぱん,マカロン,0.026621030614185207
うぐいすあんぱん,マンゴーシャーベット,0.02719148127020346
うぐいすあんぱん,いもようかん,0.029853584331621982
うぐいすあんぱん,和栗のモンブラン,0.028142232363567218
うぐいすあんぱん,醤油団子,0.029092983456930975
うぐいすあんぱん,えびせん,0.027381631488876214
うぐいすあんぱん,ねりようかん,0.02928313367560373
うぐいすあんぱん,カスタードシュークリーム,0.026240730176839703
うぐいすあんぱん,クリームあんみつ,0.02700133105153071
うぐいすあんぱん,ホワイトチョコレート,0.02567027952082145
うぐいすあんぱん,抹茶ロール,0.02833238258223997
うぐいすあんぱん,きんつば,0.026240730176839703
うぐいすあんぱん,オレンジピールチョコレート,0.02567027952082145
うぐいすあんぱん,チョコチップクッキー,0.028142232363567218
うぐいすあんぱん,ビターチョコレート,0.029092983456930975
うぐいすあんぱん,マスクメロンシャーベット,0.030424034987640236
うぐいすあんぱん,リンゴのタルト,0.02928313367560373
うぐいすあんぱん,焼きプリン,0.026811180832857957
うぐいすあんぱん,あんドーナツ,0.02928313367560373
うぐいすあんぱん,水ようかん,0.02852253280091272
うぐいすあんぱん,マンゴープリン,0.03194523673702225
うぐいすあんぱん,塩あんみつ,0.026811180832857957
うぐいすあんぱん,セサミクッキー,0.025289979083475946
うぐいすあんぱん,ミルフィーユ,0.033846738923749765
うぐいすあんぱん,杏仁豆腐,0.026811180832857957
うぐいすあんぱん,生シュークリーム,0.03080433542498574
うぐいすあんぱん,いちごのタルト,0.026621030614185207
うぐいすあんぱん,ところてん,0.027571781707548964
うぐいすあんぱん,みたらし団子,0.02928313367560373
うぐいすあんぱん,ミルクプリン,0.027381631488876214
醤油団子,杏仁豆腐,0.029023746701846966
醤油団子,ねりようかん,0.026573690162080662
醤油団子,あんドーナツ,0.026573690162080662
醤油団子,うぐいすあんぱん,0.028835280814172633
醤油団子,フルーツロール,0.029212212589521298
醤油団子,イチゴのショートケーキ,0.02977761025254429
醤油団子,ミルクプリン,0.030343007915567283
醤油団子,抹茶ロール,0.02789295137580098
醤油団子,カスタードプリン,0.025442894836034676
醤油団子,セサミクッキー,0.025065963060686015
醤油団子,和栗のモンブラン,0.025065963060686015
醤油団子,いちごのタルト,0.026762156049754994
醤油団子,ごま団子,0.026196758386732
醤油団子,みたらし団子,0.02977761025254429
醤油団子,マスクメロンシャーベット,0.027704485488126648
醤油団子,マンゴーシャーベット,0.028646814926498305
醤油団子,リンゴのタルト,0.030343007915567283
醤油団子,いもようかん,0.031096871466264605
醤油団子,水ようかん,0.030343007915567283
醤油団子,生シュークリーム,0.03241613267998492
醤油団子,ところてん,0.028458349038823973
醤油団子,クリームあんみつ,0.026573690162080662
醤油団子,マカロン,0.029400678477195626
醤油団子,焼きプリン,0.02751601960045232
醤油団子,きんつば,0.02600829249905767
醤油団子,ミルクチョコレート,0.02751601960045232
醤油団子,えびせん,0.02789295137580098
醤油団子,オレンジピールチョコレート,0.029212212589521298
醤油団子,チョコチップクッキー,0.02977761025254429
醤油団子,マンゴープリン,0.030343007915567283
醤油団子,塩あんみつ,0.03015454202789295
えびせん,イチゴのショートケーキ,0.031297709923664124
えびせん,オレンジピールチョコレート,0.030534351145038167
えびせん,焼きプリン,0.02862595419847328
えびせん,ミルクチョコレート,0.026908396946564887
えびせん,みたらし団子,0.0316793893129771
えびせん,うぐいすあんぱん,0.02748091603053435
えびせん,杏仁豆腐,0.026717557251908396
えびせん,生シュークリーム,0.02633587786259542
えびせん,いちごのタルト,0.026145038167938933
えびせん,ところてん,0.02919847328244275
えびせん,カスタードシュークリーム,0.028816793893129772
えびせん,ホワイトチョコレート,0.025954198473282442
えびせん,マスクメロンシャーベット,0.027290076335877864
えびせん,マンゴーシャーベット,0.03187022900763359
えびせん,みつまめ,0.02862595419847328
えびせん,カスタードプリン,0.026717557251908396
えびせん,ごま団子,0.02862595419847328
えびせん,ビターチョコレート,0.03015267175572519
えびせん,マカロン,0.028435114503816795
えびせん,マンゴープリン,0.030534351145038167
えびせん,いもようかん,0.02862595419847328
えびせん,和栗のモンブラン,0.031297709923664124
えびせん,ねりようかん,0.025954198473282442
えびせん,クリームあんみつ,0.030534351145038167
えびせん,ミルクプリン,0.027862595419847327
えびせん,リンゴのタルト,0.025763358778625955
えびせん,抹茶ロール,0.028435114503816795
えびせん,きんつば,0.02652671755725191
えびせん,フルーツロール,0.028435114503816795
えびせん,醤油団子,0.028244274809160305
マンゴーシャーベット,みたらし団子,0.026950085405200226
マンゴーシャーベット,イチゴのショートケーキ,0.029227557411273485
マンゴーシャーベット,ビターチョコレート,0.02998671474663124
マンゴーシャーベット,リンゴのタルト,0.029037768077434047
マンゴーシャーベット,抹茶ロール,0.027139874739039668
マンゴーシャーベット,うぐいすあんぱん,0.027139874739039668
マンゴーシャーベット,ねりようかん,0.03017650408047068
マンゴーシャーベット,カスタードシュークリーム,0.02865818940975517
マンゴーシャーベット,マンゴープリン,0.026190928069842474
マンゴーシャーベット,焼きプリン,0.02865818940975517
マンゴーシャーベット,カスタードプリン,0.03188460808502562
マンゴーシャーベット,和栗のモンブラン,0.027519453406718544
マンゴーシャーベット,えびせん,0.03169481875118618
マンゴーシャーベット,ミルクプリン,0.03093566141582843
マンゴーシャーベット,セサミクッキー,0.027519453406718544
マンゴーシャーベット,ミルフィーユ,0.02789903207439742
マンゴーシャーベット,醤油団子,0.02884797874359461
マンゴーシャーベット,いちごのタルト,0.026190928069842474
マンゴーシャーベット,ホワイトチョコレート,0.026001138736003036
マンゴーシャーベット,マカロン,0.026380717403681912
マンゴーシャーベット,塩あんみつ,0.027519453406718544
マンゴーシャーベット,きんつば,0.02770924274055798
マンゴーシャーベット,ミルクチョコレート,0.030556082748149554
マンゴーシャーベット,水ようかん,0.029037768077434047
マンゴーシャーベット,生シュークリーム,0.02789903207439742
マンゴーシャーベット,ごま団子,0.030556082748149554
マンゴーシャーベット,ところてん,0.026380717403681912
マンゴーシャーベット,オレンジピールチョコレート,0.02865818940975517
マンゴーシャーベット,クリームあんみつ,0.02657050673752135
マンゴーシャーベット,チョコチップクッキー,0.027519453406718544
マンゴーシャーベット,フルーツロール,0.025052192066805846
マンゴーシャーベット,杏仁豆腐,0.027519453406718544
ミルクプリン,ねりようかん,0.029583568871302052
ミルクプリン,カスタードシュークリーム,0.028452986621443375
ミルクプリン,焼きプリン,0.027699265121537593
ミルクプリン,ミルフィーユ,0.025061239871867345
ミルクプリン,生シュークリーム,0.02619182212172602
ミルクプリン,いちごのタルト,0.027133973996608253
ミルクプリン,ホワイトチョコレート,0.027510834746561144
ミルクプリン,マカロン,0.030525720746184284
ミルクプリン,マンゴープリン,0.02581496137177313
ミルクプリン,あんドーナツ,0.028452986621443375
ミルクプリン,いもようかん,0.026945543621631807
ミルクプリン,セサミクッキー,0.025626530996796685
ミルクプリン,醤油団子,0.030337290371207838
ミルクプリン,ところてん,0.0297719992462785
ミルクプリン,クリームあんみつ,0.02524967024684379
ミルクプリン,チョコチップクッキー,0.027133973996608253
ミルクプリン,マスクメロンシャーベット,0.028452986621443375
ミルクプリン,マンゴーシャーベット,0.030714151121160733
ミルクプリン,カスタードプリン,0.030148859996231393
ミルクプリン,ごま団子,0.02826455624646693
ミルクプリン,イチゴのショートケーキ,0.027133973996608253
ミルクプリン,オレンジピールチョコレート,0.029583568871302052
ミルクプリン,リンゴのタルト,0.02826455624646693
ミルクプリン,きんつば,0.027699265121537593
ミルクプリン,フルーツロール,0.0297719992462785
ミルクプリン,ミルクチョコレート,0.03127944224609007
ミルクプリン,えびせん,0.027510834746561144
ミルクプリン,ビターチョコレート,0.027699265121537593
ミルクプリン,塩あんみつ,0.026380252496702467
ミルクプリン,抹茶ロール,0.0273224043715847
ミルクプリン,うぐいすあんぱん,0.027133973996608253
ミルクプリン,みつまめ,0.025061239871867345
ミルクプリン,杏仁豆腐,0.030714151121160733
ミルクプリン,水ようかん,0.027699265121537593
きんつば,フルーツロール,0.0254968128983877
きんつば,和栗のモンブラン,0.02924634420697413
きんつば,イチゴのショートケーキ,0.027746531683539556
きんつば,オレンジピールチョコレート,0.025121859767529058
きんつば,カスタードシュークリーム,0.026434195725534307
きんつば,クリームあんみつ,0.0281214848143982
きんつば,ビターチョコレート,0.028871391076115485
きんつば,ホワイトチョコレート,0.02680914885639295
きんつば,セサミクッキー,0.027371578552680915
きんつば,いちごのタルト,0.029808773903262094
きんつば,ごま団子,0.02680914885639295
きんつば,ところてん,0.027184101987251595
きんつば,マカロン,0.027184101987251595
きんつば,あんドーナツ,0.027371578552680915
きんつば,うぐいすあんぱん,0.025871766029246346
きんつば,みつまめ,0.027746531683539556
きんつば,カスタードプリン,0.028871391076115485
きんつば,生シュークリーム,0.026434195725534307
きんつば,ミルクチョコレート,0.02943382077240345
きんつば,杏仁豆腐,0.029808773903262094
きんつば,マスクメロンシャーベット,0.03374578177727784
きんつば,マンゴーシャーベット,0.027371578552680915
きんつば,マンゴープリン,0.02699662542182227
きんつば,ミルクプリン,0.027559055118110236
きんつば,リンゴのタルト,0.0281214848143982
きんつば,塩あんみつ,0.02662167229096363
きんつば,いもようかん,0.029808773903262094
きんつば,ミルフィーユ,0.032995875515560553
きんつば,水ようかん,0.025121859767529058
きんつば,醤油団子,0.025871766029246346
きんつば,えびせん,0.026059242594675666
きんつば,みたらし団子,0.02530933633295838
きんつば,チョコチップクッキー,0.02699662542182227
きんつば,抹茶ロール,0.031683539557555304
きんつば,焼きプリン,0.03055868016497938
ミルフィーユ,水ようかん,0.02903225806451613
ミルフィーユ,生シュークリーム,0.025806451612903226
ミルフィーユ,いちごのタルト,0.030360531309297913
ミルフィーユ,マンゴープリン,0.02523719165085389
ミルフィーユ,ミルクプリン,0.02523719165085389
ミルフィーユ,リンゴのタルト,0.025426944971537004
ミルフィーユ,あんドーナツ,0.025806451612903226
ミルフィーユ,ところてん,0.025616698292220113
ミルフィーユ,クリームあんみつ,0.028273244781783682
ミルフィーユ,チョコチップクッキー,0.028462998102466792
ミルフィーユ,マカロン,0.02732447817836812
ミルフィーユ,マスクメロンシャーベット,0.031878557874762806
ミルフィーユ,いもようかん,0.028462998102466792
ミルフィーユ,カスタードプリン,0.02637571157495256
ミルフィーユ,セサミクッキー,0.028842504743833017
ミルフィーユ,和栗のモンブラン,0.029981024667931688
ミルフィーユ,ごま団子,0.029411764705882353
ミルフィーユ,イチゴのショートケーキ,0.02903225806451613
ミルフィーユ,マンゴーシャーベット,0.027893738140417457
ミルフィーユ,オレンジピールチョコレート,0.0301707779886148
ミルフィーユ,焼きプリン,0.028652751423149905
ミルフィーユ,うぐいすあんぱん,0.03377609108159393
ミルフィーユ,きんつば,0.0333965844402277
ミルフィーユ,みつまめ,0.02599620493358634
ミルフィーユ,フルーツロール,0.02713472485768501
ミルフィーユ,ミルクチョコレート,0.02808349146110057
ミルフィーユ,杏仁豆腐,0.030550284629981026
ミルフィーユ,ねりようかん,0.026944971537001896
ミルフィーユ,みたらし団子,0.030740037950664136
ミルフィーユ,カスタードシュークリーム,0.02713472485768501
ミルフィーユ,抹茶ロール,0.027514231499051234
みたらし団子,ねりようかん,0.0309021113243762
みたらし団子,オレンジピールチョコレート,0.02821497120921305
みたらし団子,マンゴーシャーベット,0.0272552783109405
みたらし団子,リンゴのタルト,0.02821497120921305
みたらし団子,杏仁豆腐,0.032821497120921306
みたらし団子,えびせん,0.031861804222648754
みたらし団子,クリームあんみつ,0.025527831094049904
みたらし団子,ビターチョコレート,0.025911708253358926
みたらし団子,マスクメロンシャーベット,0.0272552783109405
みたらし団子,マンゴープリン,0.028406909788867563
みたらし団子,焼きプリン,0.02744721689059501
みたらし団子,あんドーナツ,0.02706333973128599
みたらし団子,いもようかん,0.028598848368522074
みたらし団子,みつまめ,0.028406909788867563
みたらし団子,セサミクッキー,0.02783109404990403
みたらし団子,ごま団子,0.025719769673704415
みたらし団子,マカロン,0.02783109404990403
みたらし団子,カスタードプリン,0.029558541266794625
みたらし団子,水ようかん,0.026295585412667945
みたらし団子,醤油団子,0.03032629558541267
みたらし団子,ところてん,0.028598848368522074
みたらし団子,カスタードシュークリーム,0.028598848368522074
みたらし団子,塩あんみつ,0.026487523992322456
みたらし団子,抹茶ロール,0.029558541266794625
みたらし団子,ミルクチョコレート,0.026871401151631478
みたらし団子,和栗のモンブラン,0.029750479846449136
みたらし団子,いちごのタルト,0.026103646833013437
みたらし団子,ホワイトチョコレート,0.029558541266794625
みたらし団子,うぐいすあんぱん,0.029558541266794625
みたらし団子,きんつば,0.025911708253358926
みたらし団子,フルーツロール,0.028982725527831096
みたらし団子,ミルフィーユ,0.03109404990403071
ビターチョコレート,マカロン,0.02866424613032677
ビターチョコレート,マンゴーシャーベット,0.0301930059239442
ビターチョコレート,きんつば,0.029428626027135488
ビターチョコレート,フルーツロール,0.02866424613032677
ビターチョコレート,和栗のモンブラン,0.028282056181922414
ビターチョコレート,水ようかん,0.028282056181922414
ビターチョコレート,いちごのタルト,0.026753296388304988
ビターチョコレート,みたらし団子,0.025797821517294095
ビターチョコレート,カスタードシュークリーム,0.026944391362507165
ビターチョコレート,塩あんみつ,0.02732658131091152
ビターチョコレート,あんドーナツ,0.029428626027135488
ビターチョコレート,杏仁豆腐,0.026753296388304988
ビターチョコレート,ところてん,0.027135486336709345
ビターチョコレート,ねりようかん,0.026753296388304988
ビターチョコレート,うぐいすあんぱん,0.029237531052933308
ビターチョコレート,みつまめ,0.02732658131091152
ビターチョコレート,生シュークリーム,0.029619721001337664
ビターチョコレート,えびせん,0.0301930059239442
ビターチョコレート,ごま団子,0.02866424613032677
ビターチョコレート,オレンジピールチョコレート,0.03000191094974202
ビターチョコレート,クリームあんみつ,0.028473151156124595
ビターチョコレート,リンゴのタルト,0.025033441620485382
ビターチョコレート,焼きプリン,0.028282056181922414
ビターチョコレート,いもようかん,0.02885534110452895
ビターチョコレート,カスタードプリン,0.029046436078731128
ビターチョコレート,イチゴのショートケーキ,0.025033441620485382
ビターチョコレート,チョコチップクッキー,0.031148480794955094
ビターチョコレート,ホワイトチョコレート,0.030575195872348557
ビターチョコレート,マンゴープリン,0.030766290846550734
ビターチョコレート,ミルクプリン,0.028090961207720238
ビターチョコレート,セサミクッキー,0.027135486336709345
ビターチョコレート,醤油団子,0.02522453659468756
マンゴープリン,ところてん,0.030908405578590276
マンゴープリン,イチゴのショートケーキ,0.027139087825103655
マンゴープリン,クリームあんみつ,0.025442894836034676
マンゴープリン,マカロン,0.027327553712777987
マンゴープリン,焼きプリン,0.026762156049754994
マンゴープリン,ミルクチョコレート,0.02600829249905767
マンゴープリン,ミルフィーユ,0.025065963060686015
マンゴープリン,水ようかん,0.025254428948360347
マンゴープリン,生シュークリーム,0.035431586882774216
マンゴープリン,ごま団子,0.02600829249905767
マンゴープリン,ねりようかん,0.028081417263475312
マンゴープリン,みたらし団子,0.02789295137580098
マンゴープリン,マスクメロンシャーベット,0.02977761025254429
マンゴープリン,マンゴーシャーベット,0.02600829249905767
マンゴープリン,ミルクプリン,0.02581982661138334
マンゴープリン,いもようかん,0.02789295137580098
マンゴープリン,セサミクッキー,0.028081417263475312
マンゴープリン,ホワイトチョコレート,0.0316622691292876
マンゴープリン,あんドーナツ,0.02600829249905767
マンゴープリン,杏仁豆腐,0.025065963060686015
マンゴープリン,いちごのタルト,0.02996607614021862
マンゴープリン,えびせん,0.03015454202789295
マンゴープリン,うぐいすあんぱん,0.0316622691292876
マンゴープリン,きんつば,0.027139087825103655
マンゴープリン,チョコチップクッキー,0.028081417263475312
マンゴープリン,ビターチョコレート,0.030343007915567283
マンゴープリン,塩あんみつ,0.03241613267998492
マンゴープリン,抹茶ロール,0.02977761025254429
マンゴープリン,みつまめ,0.028646814926498305
マンゴープリン,フルーツロール,0.028458349038823973
マンゴープリン,和栗のモンブラン,0.025254428948360347
マンゴープリン,醤油団子,0.030343007915567283
